{
   "file_counts" : 14,
   "file_list" : [
      {
         "file_describe_code" : 0,
         "file_name" : "Gender_Raspberry_PICO-B_Cu.gbr",
         "layer_name" : "bl"
      },
      {
         "file_describe_code" : 0,
         "file_name" : "Gender_Raspberry_PICO-B_Mask.gbr",
         "layer_name" : "bs"
      },
      {
         "file_describe_code" : 4,
         "file_name" : "Gender_Raspberry_PICO-B_Paste.gbr",
         "layer_name" : "nil"
      },
      {
         "file_describe_code" : 4,
         "file_name" : "Gender_Raspberry_PICO-B_Silkscreen.gbr",
         "layer_name" : "nil"
      },
      {
         "file_describe_code" : 2,
         "file_name" : "Gender_Raspberry_PICO-Edge_Cuts.gbr",
         "layer_name" : "gko"
      },
      {
         "file_describe_code" : 0,
         "file_name" : "Gender_Raspberry_PICO-F_Cu.gbr",
         "layer_name" : "tl"
      },
      {
         "file_describe_code" : 0,
         "file_name" : "Gender_Raspberry_PICO-F_Mask.gbr",
         "layer_name" : "ts"
      },
      {
         "file_describe_code" : 4,
         "file_name" : "Gender_Raspberry_PICO-F_Paste.gbr",
         "layer_name" : "nil"
      },
      {
         "file_describe_code" : 0,
         "file_name" : "Gender_Raspberry_PICO-F_Silkscreen.gbr",
         "layer_name" : "to"
      },
      {
         "file_describe_code" : 0,
         "file_name" : "Gender_Raspberry_PICO-NPTH.drl",
         "layer_name" : "npth"
      },
      {
         "file_describe_code" : 0,
         "file_name" : "Gender_Raspberry_PICO-PTH.drl",
         "layer_name" : "drl"
      },
      {
         "file_describe_code" : 3,
         "file_name" : "Gender_Raspberry_PICO-User_Eco1.gbr",
         "layer_name" : "nil"
      },
      {
         "file_describe_code" : 4,
         "file_name" : "Gender_Raspberry_PICO-job.gbrjob",
         "layer_name" : "nil"
      },
      {
         "file_describe_code" : 4,
         "file_name" : "PSCE_MI_Gender_PICO.pdf",
         "layer_name" : "nil"
      }
   ]
}
